{"cameraMode":{"drawMode":0,"name":"Shaded","section":"Shading Mode"},"sceneLighting":false,"audioPlay":false,"sceneViewState":{"showFog":true,"showMaterialUpdate":false,"showSkybox":true,"showFlares":true,"showImageEffects":true,"showParticleSystems":true},"in2DMode":false,"pivot":{"x":-2.146149158477783,"y":0.48230528831481936,"z":0.6926596164703369},"rotation":{"x":0.38084855675697329,"y":0.12919242680072785,"z":-0.05382998660206795,"w":0.9139836430549622},"size":4.651169300079346,"orthographic":false}