{"cameraMode":{"drawMode":0,"name":"Shaded","section":"Shading Mode"},"sceneLighting":false,"audioPlay":false,"sceneViewState":{"showFog":true,"showMaterialUpdate":false,"showSkybox":true,"showFlares":true,"showImageEffects":true,"showParticleSystems":true},"in2DMode":false,"pivot":{"x":0.23392383754253388,"y":0.8608347177505493,"z":-0.04100772365927696},"rotation":{"x":0.29536163806915285,"y":0.5046560168266296,"z":-0.18861903250217439,"w":0.7889909148216248},"size":6.871669769287109,"orthographic":false}