{"cameraMode":{"drawMode":0,"name":"Shaded","section":"Shading Mode"},"sceneLighting":false,"audioPlay":false,"sceneViewState":{"showFog":true,"showMaterialUpdate":false,"showSkybox":true,"showFlares":true,"showImageEffects":true,"showParticleSystems":true},"in2DMode":false,"pivot":{"x":0.2946436405181885,"y":-0.6826467514038086,"z":-0.6299901008605957},"rotation":{"x":0.34779614210128786,"y":0.5869529843330383,"z":-0.30782845616340639,"w":0.6631484031677246},"size":6.177189350128174,"orthographic":false}