{"cameraMode":{"drawMode":0,"name":"Shaded","section":"Shading Mode"},"sceneLighting":false,"audioPlay":false,"sceneViewState":{"showFog":true,"showMaterialUpdate":false,"showSkybox":true,"showFlares":true,"showImageEffects":true,"showParticleSystems":true},"in2DMode":false,"pivot":{"x":-1.5199999809265137,"y":0.0,"z":16.729999542236329},"rotation":{"x":0.5052376389503479,"y":-0.22235307097434998,"z":0.13657011091709138,"w":0.8225829601287842},"size":3.6677305698394777,"orthographic":false}