{"cameraMode":{"drawMode":0,"name":"Shaded","section":"Shading Mode"},"sceneLighting":false,"audioPlay":false,"sceneViewState":{"showFog":true,"showMaterialUpdate":false,"showSkybox":true,"showFlares":true,"showImageEffects":true,"showParticleSystems":true},"in2DMode":false,"pivot":{"x":59.857486724853519,"y":3.6785449981689455,"z":8.793798446655274},"rotation":{"x":0.3602002263069153,"y":0.07962006330490112,"z":-0.030872352421283723,"w":0.9289582371711731},"size":5.698384761810303,"orthographic":false}