{"cameraMode":{"drawMode":0,"name":"Shaded","section":"Shading Mode"},"sceneLighting":false,"audioPlay":false,"sceneViewState":{"showFog":true,"showMaterialUpdate":false,"showSkybox":true,"showFlares":true,"showImageEffects":true,"showParticleSystems":true},"in2DMode":false,"pivot":{"x":-0.6800665855407715,"y":-1.1204652786254883,"z":0.8779375553131104},"rotation":{"x":0.44427117705345156,"y":0.32697442173957827,"z":-0.17797380685806275,"w":0.8148841857910156},"size":10.211956024169922,"orthographic":false}