{"cameraMode":{"drawMode":0,"name":"Shaded","section":"Shading Mode"},"sceneLighting":false,"audioPlay":false,"sceneViewState":{"showFog":true,"showMaterialUpdate":false,"showSkybox":true,"showFlares":true,"showImageEffects":true,"showParticleSystems":true},"in2DMode":false,"pivot":{"x":-1.3834010362625123,"y":2.354443073272705,"z":-0.06385183334350586},"rotation":{"x":0.34837713837623598,"y":0.2848396599292755,"z":-0.11173027008771897,"w":0.8860113620758057},"size":4.771668434143066,"orthographic":false}