{"cameraMode":{"drawMode":0,"name":"Shaded","section":"Shading Mode"},"sceneLighting":false,"audioPlay":false,"sceneViewState":{"showFog":true,"showMaterialUpdate":false,"showSkybox":true,"showFlares":true,"showImageEffects":true,"showParticleSystems":true},"in2DMode":false,"pivot":{"x":-6.949999809265137,"y":-0.699999988079071,"z":8.1899995803833},"rotation":{"x":0.5538353323936462,"y":0.030709518119692804,"z":-0.020446183159947397,"w":0.8318085074424744},"size":6.378910541534424,"orthographic":false}