{"cameraMode":{"drawMode":0,"name":"Shaded","section":"Shading Mode"},"sceneLighting":false,"audioPlay":false,"sceneViewState":{"showFog":true,"showMaterialUpdate":false,"showSkybox":true,"showFlares":true,"showImageEffects":true,"showParticleSystems":true},"in2DMode":false,"pivot":{"x":0.3715627193450928,"y":-1.8967342376708985,"z":9.737045288085938},"rotation":{"x":0.5327825546264648,"y":-0.0195388775318861,"z":0.012587171979248524,"w":0.8459329605102539},"size":22.17829132080078,"orthographic":false}