{"cameraMode":{"drawMode":0,"name":"Shaded","section":"Shading Mode"},"sceneLighting":false,"audioPlay":false,"sceneViewState":{"showFog":true,"showMaterialUpdate":false,"showSkybox":true,"showFlares":true,"showImageEffects":true,"showParticleSystems":true},"in2DMode":false,"pivot":{"x":4.130193710327148,"y":-1.8967342376708985,"z":9.433412551879883},"rotation":{"x":0.5327825546264648,"y":-0.0195388775318861,"z":0.012587171979248524,"w":0.8459329605102539},"size":14.145111083984375,"orthographic":false}