{"cameraMode":{"drawMode":0,"name":"Shaded","section":"Shading Mode"},"sceneLighting":false,"audioPlay":false,"sceneViewState":{"showFog":true,"showMaterialUpdate":false,"showSkybox":true,"showFlares":true,"showImageEffects":true,"showParticleSystems":true},"in2DMode":false,"pivot":{"x":0.496529757976532,"y":-4.301726341247559,"z":-0.8184588551521301},"rotation":{"x":0.7408841252326965,"y":0.02363162860274315,"z":-0.0257498137652874,"w":0.6707229614257813},"size":14.522430419921875,"orthographic":false}