{"cameraMode":{"drawMode":0,"name":"Shaded","section":"Shading Mode"},"sceneLighting":false,"audioPlay":false,"sceneViewState":{"showFog":true,"showMaterialUpdate":false,"showSkybox":true,"showFlares":true,"showImageEffects":true,"showParticleSystems":true},"in2DMode":false,"pivot":{"x":1.4669018983840943,"y":0.5719084739685059,"z":0.7385201454162598},"rotation":{"x":0.47031351923942568,"y":0.03491521626710892,"z":-0.01835693046450615,"w":0.8816173672676086},"size":7.504034996032715,"orthographic":false}