{"cameraMode":{"drawMode":0,"name":"Shaded","section":"Shading Mode"},"sceneLighting":false,"audioPlay":false,"sceneViewState":{"showFog":true,"showMaterialUpdate":false,"showSkybox":true,"showFlares":true,"showImageEffects":true,"showParticleSystems":true},"in2DMode":false,"pivot":{"x":1.0558512210845948,"y":0.17000000178813935,"z":3.0199999809265138},"rotation":{"x":0.5493795275688171,"y":0.11766572296619415,"z":-0.07849261909723282,"w":0.8235143423080444},"size":7.778206825256348,"orthographic":false}