{"cameraMode":{"drawMode":0,"name":"Shaded","section":"Shading Mode"},"sceneLighting":false,"audioPlay":false,"sceneViewState":{"showFog":true,"showMaterialUpdate":false,"showSkybox":true,"showFlares":true,"showImageEffects":true,"showParticleSystems":true},"in2DMode":false,"pivot":{"x":-4.480000019073486,"y":-0.699999988079071,"z":10.859999656677246},"rotation":{"x":0.5538353323936462,"y":0.030709518119692804,"z":-0.020446183159947397,"w":0.8318085074424744},"size":5.56113862991333,"orthographic":false}