{"cameraMode":{"drawMode":0,"name":"Shaded","section":"Shading Mode"},"sceneLighting":false,"audioPlay":false,"sceneViewState":{"showFog":true,"showMaterialUpdate":false,"showSkybox":true,"showFlares":true,"showImageEffects":true,"showParticleSystems":true},"in2DMode":false,"pivot":{"x":53.79312515258789,"y":4.266910076141357,"z":10.93519401550293},"rotation":{"x":0.3602002263069153,"y":0.07962006330490112,"z":-0.030872352421283723,"w":0.9289582371711731},"size":3.5812251567840578,"orthographic":false}