{"cameraMode":{"drawMode":0,"name":"Shaded","section":"Shading Mode"},"sceneLighting":false,"audioPlay":false,"sceneViewState":{"showFog":true,"showMaterialUpdate":false,"showSkybox":true,"showFlares":true,"showImageEffects":true,"showParticleSystems":true},"in2DMode":false,"pivot":{"x":0.7289804816246033,"y":0.5679630041122437,"z":0.8150819540023804},"rotation":{"x":-0.014163561165332795,"y":-0.2407323569059372,"z":-0.003267441177740693,"w":0.9704827070236206},"size":7.038729667663574,"orthographic":false}