{"cameraMode":{"drawMode":0,"name":"Shaded","section":"Shading Mode"},"sceneLighting":false,"audioPlay":false,"sceneViewState":{"showFog":true,"showMaterialUpdate":false,"showSkybox":true,"showFlares":true,"showImageEffects":true,"showParticleSystems":true},"in2DMode":false,"pivot":{"x":-1.7470595836639405,"y":-2.0381860733032228,"z":0.7785423994064331},"rotation":{"x":0.6453492641448975,"y":0.08493153005838394,"z":-0.07252731919288635,"w":0.7556790113449097},"size":6.110462665557861,"orthographic":false}