{"cameraMode":{"drawMode":0,"name":"Shaded","section":"Shading Mode"},"sceneLighting":false,"audioPlay":false,"sceneViewState":{"showFog":true,"showMaterialUpdate":false,"showSkybox":true,"showFlares":true,"showImageEffects":true,"showParticleSystems":true},"in2DMode":false,"pivot":{"x":-1.6821621656417847,"y":-1.8967342376708985,"z":13.651056289672852},"rotation":{"x":0.5327825546264648,"y":-0.0195388775318861,"z":0.012587171979248524,"w":0.8459329605102539},"size":4.630504131317139,"orthographic":false}