{"cameraMode":{"drawMode":0,"name":"Shaded","section":"Shading Mode"},"sceneLighting":false,"audioPlay":false,"sceneViewState":{"showFog":true,"showMaterialUpdate":false,"showSkybox":true,"showFlares":true,"showImageEffects":true,"showParticleSystems":true},"in2DMode":false,"pivot":{"x":-3.2685647010803224,"y":-4.1883344650268559,"z":5.188388347625732},"rotation":{"x":0.356444388628006,"y":0.09174338728189469,"z":-0.03519190475344658,"w":0.9291351437568665},"size":7.103819370269775,"orthographic":false}